age,sex,bmi,children,smoker,region,charges
24,male,33.2,5,yes,southwest,10979.91
48,female,28.4,4,no,southwest,10421.93
57,male,24.5,1,no,southwest,8248.6
26,male,21.7,2,yes,northeast,10172.93
54,male,36.8,5,yes,southeast,44941.07
58,male,32.1,4,yes,southwest,33401.47
30,male,27.6,4,no,southeast,10477.1
61,female,30.0,5,no,northwest,38982.11
61,male,32.1,3,no,southeast,2199.82
41,male,25.3,5,yes,northwest,24450.85
33,male,30.2,2,yes,northwest,9166.34
47,male,34.1,0,no,northeast,15458.31
50,male,37.5,0,no,northeast,18202.35
58,male,38.2,0,yes,northwest,45676.54
63,female,25.8,4,yes,southwest,31837.43
50,female,29.2,2,yes,southeast,26816.44
54,male,19.2,5,yes,northwest,36401.68
49,female,19.9,5,yes,southeast,37732.41
27,female,25.6,1,yes,northeast,46405.83
48,male,25.5,1,yes,southwest,36674.43
26,male,18.1,3,no,northwest,42307.15
39,male,33.9,5,no,southeast,34030.16
29,female,30.1,0,yes,northwest,6027.78
34,male,27.7,4,yes,southeast,9321.07
28,male,28.5,1,yes,southeast,20231.34
60,male,26.5,4,no,southeast,29928.8
25,female,30.1,5,no,southeast,49919.88
42,female,38.9,3,yes,southwest,29900.26
35,female,37.9,5,yes,southeast,17655.61
44,male,18.1,3,yes,northwest,37737.45
32,female,22.9,1,yes,northeast,34091.5
52,female,19.2,0,yes,southeast,12754.87
63,male,21.9,2,no,southwest,15455.13
29,female,31.9,3,no,northwest,17440.7
18,female,21.6,3,no,northeast,8317.36
50,female,37.3,4,yes,northwest,5362.66
34,male,36.9,1,yes,northeast,10003.59
45,male,26.4,5,yes,southeast,20349.31
36,male,19.0,5,no,southeast,4307.95
55,male,34.3,4,yes,northeast,40506.33
55,male,30.4,0,yes,northwest,36090.85
55,female,24.7,2,no,northeast,28400.14
48,female,25.3,5,no,southwest,25674.2
25,male,24.4,0,no,northeast,11521.89
65,female,36.0,5,yes,northeast,22518.14
57,female,37.7,0,no,northeast,17360.52
23,male,22.1,3,yes,northwest,27710.12
42,male,29.6,3,no,southwest,38553.71
53,male,37.6,0,no,southeast,8689.38
20,male,20.7,5,yes,southwest,37264.51
55,female,37.9,2,no,northwest,16073.22
38,female,19.6,5,yes,northeast,16319.51
43,male,24.9,0,no,northwest,20296.67
36,male,38.6,5,no,northeast,30684.73
18,male,35.5,3,no,northeast,31302.08
58,female,26.1,3,yes,southeast,22243.09
52,male,22.4,4,yes,southeast,36885.54
55,male,19.7,3,no,northeast,7064.64
52,male,32.2,0,yes,northwest,19581.0
46,female,34.9,0,yes,northwest,45190.78
28,male,31.3,4,no,southwest,31086.0
32,male,31.3,2,no,southwest,4550.98
47,female,27.1,4,yes,southwest,33774.61
62,male,21.3,3,yes,northeast,49788.37
22,female,25.4,5,yes,northeast,16397.59
47,female,34.0,0,no,northwest,41737.97
45,male,29.8,4,no,northeast,31093.84
54,male,39.3,5,yes,southeast,37857.09
45,male,25.8,3,yes,southwest,22654.89
43,female,18.2,4,yes,southwest,9479.47
56,female,27.6,4,yes,southeast,3642.57
56,male,18.6,1,yes,southeast,32816.43
46,male,31.2,0,no,northwest,44614.48
56,female,22.3,0,no,southwest,10247.95
23,female,19.4,1,no,northwest,14800.0
23,male,37.7,4,no,northwest,37980.25
46,male,24.3,0,yes,southwest,7997.91
59,female,30.3,4,no,southwest,46225.0
40,male,34.5,2,no,northeast,48735.35
53,female,31.0,2,no,northwest,15584.3
42,male,30.7,4,no,southwest,10276.72
43,male,26.6,5,yes,northwest,15241.14
32,female,34.6,2,yes,northwest,3485.35
60,female,26.7,1,no,southwest,44127.38
57,male,32.1,3,yes,northeast,47307.64
30,female,24.8,0,yes,northwest,9089.31
42,female,23.6,3,no,northeast,44021.52
60,male,25.2,3,yes,northwest,20078.7
24,female,27.4,0,no,southeast,35355.75
18,male,38.3,1,no,northwest,27652.98
41,male,33.0,5,no,northeast,21026.27
27,female,20.0,4,yes,southwest,5969.82
41,female,19.8,3,no,southwest,29552.6
51,male,25.2,3,no,northeast,14603.16
23,male,34.2,3,yes,northwest,21635.95
65,female,31.6,5,yes,southwest,33431.11
30,female,32.5,5,no,northeast,11957.75
45,female,27.8,3,yes,northwest,39650.06
19,female,31.3,2,no,southwest,13579.42
39,female,20.7,4,yes,northwest,2152.65
51,female,39.6,1,yes,northwest,13807.4
47,female,31.8,0,yes,southwest,24217.05
64,female,29.8,4,yes,northwest,20558.27
53,female,22.3,0,no,northwest,8889.49
31,male,26.2,4,no,northeast,44598.83
56,male,29.9,3,no,southeast,17233.78
22,male,27.2,4,no,southwest,37072.39
27,male,27.9,0,no,northwest,28573.91
26,male,39.3,1,no,northeast,11512.71
55,male,34.3,5,yes,northeast,34346.93
38,male,37.6,3,no,northwest,25242.12
29,female,20.6,2,yes,northwest,26404.79
49,female,34.4,5,yes,northwest,34010.97
40,male,39.4,4,yes,southeast,49098.69
28,male,37.6,5,no,northwest,7325.91
23,male,31.4,0,no,northeast,6799.58
58,male,35.3,1,yes,northeast,39801.43
35,male,28.3,0,no,northeast,15590.38
20,male,35.1,4,no,southwest,8607.56
54,female,25.8,5,yes,northeast,14333.01
33,female,34.5,0,no,northwest,24978.44
61,female,38.0,4,no,northeast,40107.07
28,female,28.3,4,yes,northwest,23072.42
45,female,37.8,2,no,southwest,33629.78
57,female,32.1,1,no,northwest,41542.35
36,male,35.4,5,no,southwest,40767.85
44,male,32.0,2,yes,northeast,38679.4
59,male,38.7,3,yes,northwest,17170.8
62,male,31.5,5,yes,northwest,36793.58
56,female,34.5,2,no,southwest,5535.88
58,male,19.8,2,yes,northwest,35703.22
50,female,24.6,3,no,northwest,20118.24
26,female,38.0,1,no,northeast,14287.34
64,female,26.3,1,no,southwest,16322.44
64,male,33.2,2,no,northwest,31103.54
33,male,28.0,0,no,southwest,2654.29
26,male,24.3,1,yes,northwest,49116.34
35,male,37.7,2,yes,southwest,25169.93
43,female,21.4,5,no,northeast,46709.7
64,male,34.6,4,yes,northeast,4961.09
31,male,34.4,1,yes,northeast,15173.15
62,female,31.7,2,no,southeast,29491.77
59,male,29.1,3,no,southeast,25455.95
28,female,20.0,0,no,southeast,36588.89
23,male,24.7,2,yes,southwest,4080.11
23,female,36.7,3,yes,southwest,43652.79
25,female,32.4,0,yes,southwest,49622.66
59,female,24.5,5,yes,southeast,5347.95
58,male,33.6,4,no,northeast,47475.71
41,male,28.6,3,yes,southeast,11405.63
62,male,25.7,3,yes,northeast,21827.89
39,male,38.6,5,yes,southeast,20926.75
20,female,37.8,1,no,southeast,44798.75
48,female,22.2,0,yes,southwest,30560.18
38,male,36.8,3,no,northwest,22271.84
40,male,23.2,5,yes,southwest,6592.69
35,male,30.6,1,yes,northwest,13144.53
42,male,30.6,5,no,southwest,48101.59
30,female,30.4,0,yes,southwest,5818.68
22,male,33.2,4,yes,northwest,40079.37
51,male,26.0,3,yes,southeast,30264.73
52,female,24.8,1,no,northwest,9995.1
20,male,29.8,4,yes,southwest,36145.74
41,male,29.8,4,no,northeast,13110.83
64,female,35.0,5,no,southwest,32831.09
38,male,34.1,0,yes,southwest,21367.1
48,male,21.3,1,no,southwest,26982.39
34,female,20.9,4,yes,southwest,32823.42
56,female,21.7,2,yes,southwest,46805.06
47,female,39.5,0,yes,northwest,29160.31
37,female,30.9,4,yes,northwest,29932.86
18,female,34.2,1,no,northeast,5884.54
39,male,27.8,2,yes,southeast,19393.61
20,female,21.9,4,no,southwest,45115.7
64,female,38.9,0,yes,southwest,12401.71
29,male,37.2,4,no,southwest,6025.37
45,female,18.6,4,yes,southwest,31685.19
38,male,25.2,1,no,northwest,2569.46
57,female,22.4,5,no,northeast,7624.31
58,male,35.1,4,yes,northwest,37002.98
22,male,26.5,5,yes,southwest,26131.64
49,male,18.2,2,yes,northeast,11992.43
62,female,21.9,5,yes,northeast,24839.01
61,female,31.2,2,yes,northeast,46510.65
39,male,26.9,5,no,northeast,18803.31
41,male,22.7,0,yes,northeast,19796.7
39,female,24.3,0,no,southwest,8724.89
20,female,24.2,3,yes,northwest,7828.11
33,female,22.9,4,yes,northwest,4404.3
24,male,38.0,0,no,southeast,39398.57
22,female,31.5,0,no,southwest,34114.85
64,male,23.3,0,no,northwest,38594.38
44,male,26.0,0,yes,northwest,28247.07
65,female,28.6,2,yes,southeast,19360.73
50,male,32.6,0,yes,northeast,16832.22
29,male,37.5,5,no,southwest,32527.12
32,male,34.6,1,no,southeast,24324.61
27,female,19.4,1,no,northeast,35367.19
32,female,18.8,0,no,southwest,11549.97
51,male,27.7,5,yes,southwest,27573.88
54,male,18.5,2,yes,northeast,39722.33
54,male,23.8,4,no,northwest,16268.91
34,male,32.9,2,no,southwest,3107.77
52,female,21.8,0,no,southwest,37746.38
24,male,25.7,2,yes,southeast,8881.27
63,female,27.2,4,yes,northeast,44901.55
29,female,37.8,4,yes,southwest,16470.37
55,male,19.7,3,no,northwest,37516.61
36,female,32.7,1,no,northeast,42172.24
47,female,23.1,3,yes,northeast,43699.77
55,male,19.5,4,yes,southeast,27470.64
42,male,28.5,3,yes,northwest,6042.27
44,male,30.6,1,yes,northwest,40381.27
65,female,29.7,4,yes,southwest,34477.6
56,female,37.2,2,yes,southwest,42623.29
26,female,35.6,0,no,northeast,33115.15
64,female,35.7,1,no,southwest,11062.09
25,male,23.1,1,no,southwest,25209.94
36,female,19.4,0,no,northeast,13809.16
40,female,27.8,2,no,northwest,21218.12
40,male,38.5,5,no,southwest,36657.99
41,female,18.4,4,no,northeast,34223.23
53,female,39.1,3,yes,northeast,2775.91
23,female,34.8,4,no,northeast,26780.09
64,male,24.7,5,no,southwest,28808.87
52,female,25.1,4,yes,northwest,5415.5
47,female,32.2,1,no,southeast,24104.57
52,male,33.5,2,yes,southeast,21312.26
49,female,22.4,3,no,southeast,39369.02
25,male,36.5,0,no,southwest,45729.94
36,female,20.0,1,no,northeast,25944.15
32,female,34.4,2,yes,northeast,16538.02
51,female,34.6,5,yes,southwest,32637.02
46,female,37.4,5,yes,southwest,4102.82
55,male,25.6,2,yes,southwest,22806.4
42,female,29.6,5,no,southeast,10972.9
45,male,29.1,0,no,northeast,11033.9
42,male,32.5,3,yes,southeast,26160.24
39,female,26.2,2,yes,northeast,23556.83
40,female,24.3,2,yes,northeast,12572.3
19,female,32.8,2,no,northwest,26243.61
29,male,25.9,4,yes,southwest,22469.13
29,male,30.4,0,yes,southeast,36443.51
64,male,37.4,2,no,southwest,8242.29
49,female,22.0,5,no,southwest,15712.34
43,male,29.4,4,yes,northwest,12235.76
43,female,30.4,0,yes,southeast,24637.64
60,female,25.7,2,no,southwest,16136.41
28,male,23.7,5,no,northwest,38649.4
45,female,18.8,0,yes,northeast,7632.08
58,male,29.8,5,no,northwest,15987.13
58,male,31.4,5,yes,northwest,20141.53
34,female,18.1,1,no,southeast,26757.53
38,male,24.7,5,yes,southwest,39328.42
44,female,24.5,5,yes,southeast,42073.08
42,male,25.3,1,yes,southeast,3619.77
20,male,30.5,5,no,southeast,19994.28
32,female,38.9,1,no,southwest,28005.2
53,female,27.6,4,yes,southeast,37433.71
52,male,22.7,5,yes,southwest,29561.01
54,male,24.1,4,no,northwest,40099.34
41,male,35.8,4,yes,northeast,28704.81
37,female,26.4,3,yes,northeast,43800.85
33,female,21.6,2,no,southeast,49195.91
27,female,33.6,2,yes,southeast,44440.18
25,male,32.2,4,no,southwest,13881.43
32,female,31.8,3,yes,southwest,19829.7
42,male,23.0,1,yes,southwest,15412.02
31,female,31.8,1,no,northwest,18189.92
45,female,28.5,2,yes,northeast,47186.94
39,male,34.4,5,yes,southeast,44198.36
27,male,24.1,1,yes,southwest,37284.95
22,female,25.8,5,no,southeast,20827.88
39,male,21.5,0,no,northwest,29560.17
39,male,36.7,3,yes,northeast,18348.26
54,male,18.8,4,yes,northeast,14930.81
62,female,20.8,3,no,northeast,46894.1
38,female,37.1,0,yes,southeast,28765.09
42,female,35.1,2,yes,northeast,24545.88
21,male,36.8,4,no,southwest,28856.22
51,female,20.8,2,no,southwest,6074.03
29,male,18.6,3,no,northwest,45498.45
41,female,29.4,2,no,southwest,24838.24
33,male,27.4,3,yes,southeast,4624.19
56,male,35.6,5,yes,northwest,45325.92
63,female,18.7,3,no,southeast,21045.23
52,female,39.7,0,yes,northeast,44358.21
22,male,26.1,3,no,northeast,12331.44
63,male,23.8,5,no,southwest,17086.27
27,female,28.9,3,yes,southeast,14539.2
43,male,39.7,0,yes,northwest,40004.72
36,female,28.2,4,yes,southwest,42824.49
63,female,29.3,1,no,northwest,41534.22
22,male,18.7,5,yes,southeast,12098.59
44,female,21.9,2,yes,northwest,26034.19
29,female,20.8,0,yes,southeast,17901.51
58,male,35.0,1,yes,southwest,36297.57
58,female,24.7,5,yes,northeast,40120.11
54,male,24.7,5,no,northeast,46163.84
60,female,37.7,4,yes,northwest,47829.73
18,female,36.5,2,no,northwest,15961.94
38,male,39.0,3,yes,southwest,41256.89
36,male,38.8,2,no,northwest,6436.88
33,male,18.6,4,no,northwest,46183.35
33,male,37.5,3,yes,northeast,16168.78
37,male,19.3,0,no,northeast,18378.29
53,female,36.6,3,no,northeast,35674.64
20,female,35.1,2,no,southwest,32601.54
27,male,25.7,2,no,southeast,7031.9
43,male,22.6,3,no,southeast,8452.81
34,male,30.5,5,no,southwest,38461.21
49,female,19.8,5,no,southwest,49941.57
34,female,39.1,3,yes,northwest,7233.2
40,male,28.2,5,no,northwest,22985.19
20,male,32.4,0,no,southeast,23941.02
39,female,35.6,1,yes,northwest,43668.11
45,male,29.4,1,no,southwest,39876.83
44,female,30.4,5,yes,northwest,47327.9
49,female,26.6,1,yes,southeast,14377.52
37,female,31.4,3,no,northeast,46464.17
47,female,23.0,0,no,southwest,22890.51
34,male,23.4,4,yes,southeast,23047.62
45,female,31.7,0,yes,southeast,44825.57
58,male,19.4,3,yes,northeast,39981.66
27,male,27.9,4,yes,southeast,48492.5
59,female,39.4,0,no,southeast,33417.84
34,male,18.8,0,yes,northwest,26308.04
58,male,23.2,4,yes,southeast,45325.07
48,female,34.8,2,no,northeast,29186.23
64,female,18.8,2,yes,southeast,24270.69
51,female,39.4,4,yes,northwest,5093.05
62,female,36.9,5,no,northeast,2462.41
52,male,37.2,1,no,southwest,38970.69
47,male,23.3,0,no,northeast,44035.14
48,female,22.1,5,no,northwest,44388.88
46,male,30.8,4,yes,southeast,34620.13
28,female,18.1,0,no,southeast,14422.92
55,female,27.2,2,no,northeast,34785.28
58,male,29.5,5,no,northwest,46321.17
25,male,19.4,5,yes,northeast,24707.2
34,male,23.2,1,no,southeast,27572.98
52,female,38.2,5,no,southeast,47154.5
58,female,22.0,4,yes,northwest,7070.72
26,male,32.6,0,yes,northeast,17803.52
30,female,32.0,3,no,southeast,28870.57
59,female,25.6,2,yes,northeast,49348.53
36,female,35.4,5,yes,southwest,38506.23
24,male,28.4,4,no,northwest,34837.44
26,female,26.2,4,yes,southwest,39263.6
65,male,24.9,1,yes,southeast,42706.32
56,male,26.1,2,no,southeast,43767.27
51,female,39.2,3,no,southwest,30454.55
34,male,30.8,1,yes,southeast,35648.7
64,male,23.7,2,no,northeast,30700.4
34,male,24.9,5,no,southeast,31965.53
19,male,19.3,2,no,southwest,5872.35
29,female,22.8,0,yes,northwest,42601.87
45,male,19.3,2,yes,southeast,17770.14
28,male,38.5,0,no,northeast,29137.44
44,male,29.7,5,yes,southeast,46544.33
42,male,22.1,5,no,northwest,7096.03
41,male,18.3,1,yes,northwest,9869.42
31,male,34.7,0,no,northeast,31508.86
47,male,31.5,0,no,southeast,44839.87
19,male,24.2,2,yes,southwest,32001.44
29,female,37.0,1,yes,northwest,6924.29
50,male,36.3,3,no,northwest,41182.37
58,female,19.4,4,no,northwest,38452.94
38,male,37.5,5,no,southeast,28394.34
19,male,26.2,5,no,northwest,5476.88
58,male,33.3,5,no,northwest,36402.14
53,female,34.2,5,yes,southwest,33604.07
63,male,26.2,2,no,northwest,33068.69
39,male,35.0,5,yes,southeast,3616.01
53,male,39.8,2,no,northwest,3388.95
62,female,31.0,5,yes,southeast,49751.32
31,female,31.6,2,no,northwest,33221.66
39,male,29.8,0,yes,northeast,9647.03
48,male,29.4,3,no,northwest,6235.46
27,male,39.8,5,yes,southeast,24733.32
57,male,38.5,3,yes,northeast,16279.45
60,male,24.8,3,yes,northwest,34370.46
36,female,18.2,5,yes,southwest,16516.23
38,female,32.7,0,no,southeast,48801.35
55,female,34.6,5,yes,southwest,26937.36
42,male,32.9,4,no,northwest,4256.6
44,male,24.1,0,yes,southwest,30508.9
42,male,26.6,1,no,northwest,15573.08
63,male,23.8,1,yes,northeast,38327.01
38,male,38.5,5,no,southwest,26326.49
26,male,26.6,3,yes,southwest,42806.93
59,female,32.2,1,yes,southeast,19473.03
38,female,35.0,3,no,northwest,34103.68
42,female,21.9,3,yes,southwest,31152.77
56,male,18.9,0,yes,northwest,12645.55
63,male,20.3,1,no,southwest,41394.9
23,female,24.8,3,yes,northeast,17177.18
65,female,19.6,3,yes,northeast,49986.45
56,female,26.3,3,no,northeast,5264.08
63,female,34.1,4,no,southwest,24339.18
44,male,28.7,5,no,northeast,13244.31
45,male,27.7,1,yes,southeast,27312.43
52,male,35.4,3,yes,northeast,19971.64
25,female,25.4,3,no,southwest,43542.38
56,male,37.7,4,no,northwest,17937.65
44,female,21.5,4,no,northeast,27515.07
47,male,32.9,4,yes,southeast,15066.5
27,male,33.7,2,no,southeast,36079.08
52,male,28.6,5,no,northwest,34893.01
46,female,30.3,0,no,southeast,45129.81
64,male,18.6,2,no,southeast,5173.04
48,male,30.4,1,yes,southeast,14953.36
50,male,32.6,5,no,southeast,10624.28
62,female,25.2,4,yes,southwest,7631.34
23,male,34.7,5,yes,southwest,31350.44
53,male,29.4,2,no,southwest,33814.55
54,male,22.6,2,no,southeast,2785.45
41,male,19.5,3,no,southwest,48696.99
62,female,37.5,2,no,southwest,34938.82
48,female,37.2,4,yes,southeast,32325.4
41,male,33.2,4,no,northwest,44427.21
61,female,36.5,1,yes,southeast,27124.91
24,female,20.6,3,yes,northwest,9352.14
57,male,18.5,5,no,northwest,41940.18
36,male,35.7,3,yes,southeast,5474.04
37,female,33.9,3,yes,northwest,8412.12
31,male,29.4,4,yes,southeast,29201.92
57,female,32.3,0,yes,southwest,6323.35
36,female,25.4,2,no,northeast,37287.78
28,male,35.8,5,yes,southeast,37090.92
46,male,34.0,1,yes,northeast,11872.64
64,female,38.4,5,no,northwest,37927.04
53,female,26.5,5,yes,northwest,31348.89
31,male,19.5,1,no,northwest,44036.22
31,female,29.5,1,no,southeast,25830.21
26,male,34.3,2,yes,northeast,20747.77
39,female,31.3,3,yes,northeast,21734.27
40,male,20.5,1,no,southeast,47447.73
56,female,27.3,2,yes,southeast,35825.43
62,male,39.4,4,no,northwest,42865.11
63,female,25.4,2,no,northeast,45138.17
29,female,27.1,3,yes,southwest,21859.81
54,male,32.5,5,no,southeast,33076.82
61,female,24.9,4,yes,northwest,26712.56
58,male,33.4,1,yes,southeast,8945.97
28,female,33.1,2,no,southwest,30627.74
27,male,34.9,0,no,northeast,12755.23
59,female,18.9,2,yes,northwest,2250.07
33,female,21.5,5,yes,northeast,15372.23
32,female,27.5,3,yes,northwest,45764.25
61,female,35.6,5,yes,southeast,48431.24
23,male,38.6,5,yes,southeast,31704.18
64,female,39.2,5,yes,southeast,37559.84
57,male,34.4,1,yes,southwest,2795.43
34,male,30.7,3,yes,northeast,31118.73
48,male,27.1,3,yes,southwest,20247.73
59,male,37.3,3,no,southwest,42120.67
41,male,39.6,0,yes,southeast,12810.13
53,female,21.7,4,no,northeast,29703.39
44,female,18.5,2,yes,northwest,44026.57
54,male,39.9,3,yes,southeast,8344.72
63,male,38.7,5,no,northeast,29458.46
47,male,24.7,4,yes,southeast,45771.99
49,female,39.7,2,no,northwest,43332.67
50,male,33.2,2,yes,southeast,25391.02
22,female,29.8,5,yes,northeast,29958.21
34,male,19.2,5,yes,southeast,19437.04
23,male,30.8,0,no,northwest,2695.74
48,male,36.8,1,no,southwest,48433.31
45,female,31.3,1,no,northwest,29654.66
30,male,24.6,4,no,northwest,45349.73
58,male,30.1,0,yes,northeast,15304.38
55,male,39.8,3,yes,southwest,28516.34
35,female,23.6,3,yes,southwest,42038.44
21,male,39.5,0,yes,southeast,8589.5
49,female,27.5,2,yes,southwest,25624.04
61,female,34.7,2,yes,southeast,15425.0
52,female,25.8,5,yes,southwest,34676.64
46,female,27.9,2,yes,southeast,32487.31
41,male,37.3,0,yes,southeast,30227.0
34,female,18.2,4,yes,southeast,36436.62
46,female,30.3,2,no,northeast,49598.67
62,female,27.6,5,no,southwest,40654.97
65,female,34.5,0,yes,northwest,30112.72
19,female,29.0,5,yes,northwest,43641.19
20,male,29.9,5,no,northeast,16432.28
25,female,35.4,1,no,southwest,35078.59
44,female,24.4,0,yes,southwest,36713.74
37,female,20.7,5,yes,southwest,7369.28
63,female,32.3,4,yes,northeast,17593.96
59,male,19.0,1,no,northeast,18005.4
43,male,23.1,1,yes,northwest,45815.43
45,female,39.4,0,no,southwest,34128.19
45,female,31.1,1,yes,northwest,46094.08
50,female,35.1,0,no,northwest,45069.28
39,male,24.2,5,yes,southwest,16749.96
40,female,30.2,4,no,southwest,35810.99
23,male,20.8,4,no,northwest,8461.8
35,female,32.8,0,no,southeast,17016.18
18,female,23.0,2,no,northeast,26005.19
50,female,30.1,4,yes,southeast,21633.38
50,female,27.6,5,yes,southeast,11742.25
39,male,39.2,0,no,northeast,36204.27
53,female,38.5,5,yes,southeast,7050.05
18,male,26.9,3,no,southwest,7223.8
35,male,20.3,0,yes,southeast,8972.51
35,male,36.7,5,no,southwest,12603.0
32,female,19.3,5,yes,northwest,37086.52
31,female,31.2,5,yes,northeast,28751.61
57,female,37.9,3,yes,southeast,5773.47
42,female,26.6,4,no,northeast,48771.78
25,female,29.0,2,no,northwest,29818.07
65,male,18.9,5,no,southwest,26581.54
57,male,26.9,0,yes,southwest,32657.4
30,female,33.1,2,no,southeast,11092.57
30,male,34.7,4,no,northeast,41446.73
55,male,22.5,1,yes,northwest,8688.55
63,female,21.9,5,no,southwest,9501.65
51,male,21.6,0,no,northeast,18231.32
34,male,25.1,2,yes,northwest,38316.63
63,male,19.9,2,no,southwest,29877.55
61,male,18.6,5,yes,southwest,40950.17
51,male,31.8,3,yes,southwest,6542.5
37,male,30.1,0,yes,southeast,15038.38
47,male,23.9,5,no,southwest,40208.15
30,female,32.3,4,no,southwest,12007.89
23,female,31.3,3,yes,southwest,47063.74
39,male,25.7,0,yes,southwest,48018.05
52,female,38.8,1,yes,southeast,28674.16
32,female,27.9,5,no,southeast,30456.92
31,male,34.1,1,yes,southwest,45835.41
35,male,34.8,0,yes,southeast,17623.65
36,male,32.3,2,no,southeast,3537.04
61,female,29.7,3,no,northwest,12749.73
23,male,34.4,1,yes,northwest,29695.93
59,female,19.7,2,yes,northeast,23969.2
53,male,18.1,0,yes,northeast,22585.9
19,female,34.0,3,yes,northwest,43877.08
40,male,31.4,2,no,northwest,24179.11
53,male,24.8,4,yes,southwest,35734.7
24,female,25.5,5,yes,southwest,14762.72
56,male,31.5,1,yes,northeast,36205.2
45,male,19.3,5,no,southwest,33127.56
19,female,22.4,5,yes,southwest,16869.94
46,female,27.7,0,no,northeast,43005.5
43,female,27.0,3,yes,southwest,30842.78
36,female,33.7,1,yes,southwest,25325.26
44,female,24.2,3,no,northwest,22366.17
55,female,38.3,5,yes,southwest,36692.13
36,male,39.6,1,no,southwest,44055.8
21,male,37.6,3,yes,northeast,42674.57
34,male,27.0,2,no,southeast,46677.38
49,female,35.4,5,yes,southeast,9331.9
53,female,34.7,2,no,southwest,3757.75
63,male,28.3,1,no,southeast,5630.67
28,male,32.2,2,no,northwest,23835.0
64,male,23.0,5,yes,northwest,18991.32
34,male,37.8,5,yes,southwest,46371.93
64,female,34.7,0,no,northeast,3091.44
60,female,39.5,2,yes,southeast,31728.36
46,female,36.3,2,no,northeast,10149.24
50,female,26.6,4,yes,southwest,5824.9
25,male,33.0,2,yes,northwest,4282.21
59,female,35.5,1,yes,northwest,28128.84
25,female,19.0,3,yes,southeast,19760.91
25,female,24.3,0,yes,southwest,44883.69
50,male,27.7,1,yes,northeast,37932.33
43,female,22.1,0,no,southwest,37699.38
20,female,36.2,0,yes,southwest,23919.89
53,male,19.7,4,yes,southeast,29845.81
51,female,36.6,1,yes,southeast,24887.54
51,female,30.6,3,no,northeast,9037.19
34,female,25.2,0,no,southwest,17492.06
18,male,35.7,5,yes,northeast,34134.16
20,male,25.3,1,no,northeast,5800.52
43,female,38.2,5,no,northeast,22007.92
26,male,21.6,0,yes,southwest,7169.75
31,male,25.7,3,no,southwest,37975.91
37,male,35.2,0,no,southeast,21659.68
18,male,19.6,5,yes,southeast,31865.16
26,male,39.2,2,no,northwest,49411.27
19,female,30.8,4,no,northeast,42445.02
45,female,23.2,2,no,southeast,6960.13
21,female,25.9,2,no,northwest,42429.67
65,female,39.9,1,no,northwest,23685.16
23,male,30.6,4,no,northwest,2874.85
37,male,25.0,3,yes,southeast,4498.71
38,male,34.4,5,no,southwest,9442.96
51,female,22.0,3,no,northeast,41821.5
50,male,28.9,3,no,southwest,4351.2
34,male,30.9,3,yes,northwest,24239.01
44,male,27.1,2,no,southeast,19232.61
49,male,36.5,4,no,southeast,36359.52
40,male,28.6,2,yes,southwest,3947.76
56,female,33.4,0,no,southeast,32031.14
36,male,36.4,4,no,northwest,41210.41
39,male,39.8,3,yes,southwest,7699.24
33,female,22.3,4,no,southeast,4795.15
59,male,38.0,4,no,northeast,36589.39
54,female,32.3,0,no,northeast,38993.87
60,male,33.2,3,yes,southeast,39566.47
63,female,30.7,1,no,southwest,7701.35
42,male,26.7,5,no,northeast,7606.21
34,male,28.0,3,no,southwest,4284.2
62,female,33.5,1,no,northwest,43653.22
30,male,22.5,1,yes,southeast,32769.49
39,male,20.0,3,yes,northwest,38217.64
27,male,30.6,1,yes,southwest,15374.56
39,male,35.5,1,no,southeast,30419.55
54,male,30.8,4,no,southwest,41699.37
65,female,18.0,5,yes,northwest,31314.36
25,male,22.6,5,yes,northeast,16139.03
43,male,38.2,4,no,northwest,39071.98
58,male,21.4,0,yes,southwest,22946.75
56,female,21.5,3,yes,northwest,24383.4
36,female,36.5,3,no,northeast,38930.7
47,male,23.0,5,yes,northeast,11523.11
29,female,28.1,1,no,southwest,13786.11
18,female,19.1,1,yes,northwest,27161.15
21,male,30.8,3,yes,southwest,44088.81
26,male,21.8,3,no,northeast,37573.67
43,male,27.0,0,no,northeast,4284.45
24,female,33.6,2,no,northeast,20059.59
39,female,33.8,4,yes,northwest,31296.43
46,male,28.7,4,no,northeast,9013.78
41,female,31.9,2,no,southwest,12835.13
53,female,32.0,0,yes,northwest,9233.81
29,female,23.4,4,no,northwest,47578.74
55,female,25.1,2,yes,northwest,4122.43
56,male,37.9,0,no,southwest,45664.93
65,male,34.5,5,yes,northeast,28349.8
26,male,20.4,1,no,southeast,37733.31
57,female,22.4,4,no,southwest,35956.5
32,female,24.9,4,yes,northeast,42173.04
25,male,20.4,5,no,southeast,40972.91
18,male,21.8,3,no,northwest,41232.82
32,male,39.1,5,yes,northeast,14203.17
40,female,24.9,5,no,northeast,46739.41
52,female,39.1,3,yes,southeast,20157.34
22,male,28.6,0,no,northwest,29557.95
21,female,18.4,2,no,southeast,23944.84
64,female,29.8,2,yes,northeast,40567.36
39,female,20.6,5,no,southeast,4365.56
47,male,25.0,5,yes,northeast,40141.57
37,male,33.8,3,yes,northwest,37530.53
59,female,22.4,4,no,northwest,11979.62
46,male,23.6,4,yes,southwest,34431.76
41,male,34.2,2,yes,southwest,5765.4
57,female,18.3,3,yes,northeast,15141.28
27,male,21.8,4,no,northeast,41143.94
19,female,32.4,3,no,southeast,9435.01
30,male,34.0,4,no,northeast,12728.45
58,female,39.7,4,no,northeast,15033.47
32,female,29.8,2,yes,northwest,18959.75
53,male,29.2,5,yes,southeast,7893.55
27,male,20.9,4,no,southwest,22684.53
18,male,26.8,2,yes,northwest,24052.19
62,female,37.2,2,no,southwest,8810.75
18,female,26.4,4,yes,northeast,14620.61
42,female,27.1,4,no,northwest,2872.16
18,female,18.1,3,yes,southeast,45269.33
22,female,33.2,2,no,northeast,16616.91
47,male,35.8,0,yes,southeast,21907.12
50,male,31.9,2,no,northwest,31040.31
33,male,23.5,2,no,southeast,4965.44
61,male,36.2,0,yes,southwest,14768.87
32,female,32.4,5,yes,northwest,10041.76
62,female,18.8,0,no,northwest,28365.16
45,male,39.3,0,no,northeast,18027.42
29,female,36.3,1,no,northeast,22374.28
24,female,26.6,2,no,northeast,23569.74
56,female,20.8,3,no,southwest,8083.32
21,male,31.7,1,yes,southeast,6614.38
61,female,32.0,5,yes,southeast,39985.92
36,female,32.7,0,yes,southwest,17952.05
52,male,32.4,0,no,southeast,24055.99
60,male,35.8,1,yes,southeast,41302.68
49,male,32.9,1,no,northeast,42156.9
35,female,35.6,2,no,southeast,39797.83
41,male,36.1,1,no,southwest,39565.2
45,male,31.7,4,no,southeast,11387.2
46,male,39.2,0,no,southeast,11042.35
19,male,30.2,0,yes,southwest,20386.44
28,female,23.0,1,no,southeast,25355.21
64,male,38.4,3,yes,northeast,28868.66
26,female,32.2,4,yes,southwest,48254.8
20,male,30.9,2,no,southeast,49068.73
42,female,35.5,0,yes,northeast,43705.32
42,male,20.1,5,no,northwest,29932.03
27,male,29.2,5,yes,northeast,13132.67
63,female,32.0,3,yes,southeast,5764.37
38,male,27.7,5,no,southeast,29729.39
56,female,35.2,0,no,southeast,27315.55
34,male,36.2,0,yes,northeast,6632.71
45,female,35.5,4,yes,northeast,37411.49
46,male,25.3,5,no,northeast,4351.77
53,female,31.2,5,yes,southeast,7385.81
39,male,21.8,5,yes,southeast,11014.03
54,female,33.5,2,no,northeast,7503.0
58,female,24.8,2,yes,northeast,2161.34
18,female,32.4,1,no,southwest,21428.07
34,female,24.1,4,no,southeast,7022.97
18,female,30.6,4,yes,northwest,13056.04
47,female,22.1,4,no,northwest,27222.02
43,female,26.5,1,yes,northwest,31867.05
61,male,25.2,2,no,southwest,18324.62
27,male,19.6,3,no,southwest,8087.2
45,female,28.7,1,yes,northeast,22143.07
20,male,19.5,5,yes,northwest,30785.91
26,male,23.1,2,no,northwest,38643.58
40,female,22.6,0,no,southeast,48123.7
39,female,24.4,2,no,northeast,4611.47
51,female,33.4,3,yes,northeast,27275.42
39,male,29.8,4,no,southwest,19864.24
51,male,37.3,3,yes,northeast,13043.07
20,female,23.0,4,yes,northwest,34491.65
21,male,38.9,3,yes,northeast,41619.98
56,female,18.7,0,yes,southwest,24276.64
22,male,21.8,4,no,southeast,45340.02
25,male,22.2,4,no,southwest,46843.27
21,female,18.3,1,no,northeast,26553.16
58,male,25.3,1,yes,southwest,31333.01
45,female,33.4,1,no,northeast,28111.3
20,male,29.3,2,no,northwest,20471.12
28,female,39.4,1,no,northwest,36938.26
29,female,19.2,2,no,northwest,25924.06
22,female,27.9,0,yes,northeast,35093.23
27,female,39.4,1,yes,northeast,41112.09
34,female,26.2,1,no,southeast,43276.45
27,female,24.0,0,no,northwest,5579.19
34,female,39.5,2,no,southwest,21332.02
24,female,29.8,2,no,southwest,13323.55
38,female,20.6,4,yes,northwest,36376.38
18,male,19.6,0,no,southeast,9244.12
51,male,23.3,4,yes,northeast,31003.9
44,female,37.0,1,no,northwest,10059.63
37,female,39.4,2,yes,northeast,27239.58
46,male,39.2,2,yes,southeast,46480.28
37,male,24.1,2,no,northwest,42675.22
21,female,28.1,3,no,southeast,37184.84
35,female,39.2,5,yes,northwest,31948.37
29,male,25.6,2,no,southwest,42684.73
25,female,19.7,5,no,northwest,25853.49
20,female,18.5,1,yes,southeast,17369.75
64,male,27.4,0,no,northeast,28700.97
52,female,34.6,1,no,northwest,39323.61
48,male,24.8,0,yes,southwest,35358.59
28,female,37.3,2,yes,southeast,21865.87
47,female,26.0,1,yes,northwest,47128.67
60,female,28.2,0,yes,northeast,12733.97
37,female,37.3,0,yes,northeast,47080.65
18,female,27.1,3,no,northeast,13475.8
56,female,29.5,4,yes,northeast,22295.55
34,male,35.0,0,yes,northwest,5473.83
43,male,30.8,3,no,northwest,15234.69
57,male,30.5,5,no,southwest,43094.89
23,male,19.3,2,yes,southwest,46614.23
26,female,27.2,2,yes,southwest,15693.22
46,male,30.7,5,no,northeast,21698.6
54,female,23.5,4,yes,southeast,33429.2
20,male,21.9,0,no,southwest,16469.56
32,male,21.3,2,yes,northeast,44947.59
35,male,34.5,2,yes,northwest,33453.95
31,male,24.6,2,no,southwest,14439.03
27,male,38.1,4,yes,southeast,45056.83
32,male,23.6,3,no,southeast,41528.08
53,female,20.9,3,no,northwest,37019.49
53,female,39.3,1,no,northwest,48192.31
61,male,40.0,3,yes,northeast,27843.03
29,female,26.7,2,no,northwest,39647.65
34,female,39.5,3,no,northwest,18021.71
62,male,25.8,5,yes,southwest,40025.87
51,female,35.6,4,yes,southeast,43047.08
39,male,25.7,1,yes,southwest,49005.63
51,male,23.8,5,yes,southwest,19721.39
27,male,24.9,3,no,northeast,43099.1
49,female,21.6,2,no,northwest,13550.85
59,male,36.4,4,no,northwest,46267.39
63,female,24.8,2,no,southeast,39421.05
32,male,28.3,3,no,northeast,5218.67
56,male,18.5,3,yes,northeast,9504.37
28,male,22.6,5,yes,northeast,28884.85
25,male,28.0,4,no,southeast,41106.53
42,female,36.9,4,yes,northwest,4458.0
32,male,39.0,5,no,southwest,18723.19
38,male,21.7,1,no,northwest,27513.26
37,male,38.7,2,no,southeast,25826.66
50,female,27.0,0,yes,northeast,5725.92
48,female,30.7,3,no,northwest,2954.63
23,male,20.6,0,yes,southwest,18720.99
44,female,37.0,4,no,northeast,41116.33
63,female,37.2,2,no,southeast,37846.81
59,female,32.1,2,no,northeast,35718.11
31,female,25.0,4,yes,southwest,40844.14
48,female,21.0,2,no,northeast,10425.68
49,male,34.1,4,no,northeast,16857.53
62,female,28.2,2,yes,northwest,21027.87
22,male,23.8,4,yes,southeast,14677.83
59,female,35.0,5,no,southwest,33629.87
30,female,18.5,4,no,southwest,18170.81
45,female,35.6,2,no,southwest,10605.85
46,male,28.6,1,no,northwest,4522.75
32,female,22.1,3,no,southeast,14249.63
40,female,27.4,5,no,southwest,11497.74
52,male,29.5,1,no,southwest,43393.13
36,male,32.6,0,no,northwest,25659.01
46,female,35.0,0,no,northwest,14755.8
45,male,38.0,3,yes,northwest,21247.91
65,female,35.5,4,yes,southeast,23248.37
55,female,26.8,1,yes,southwest,21472.92
58,male,38.4,3,yes,northwest,46235.16
35,female,37.6,4,no,southeast,47455.32
30,female,35.5,5,no,southeast,8055.57
18,female,27.1,4,yes,southwest,31742.72
53,female,23.3,4,yes,northeast,23222.78
40,female,22.8,5,no,southwest,27757.09
60,female,22.5,4,no,southwest,16609.56
35,male,28.9,0,no,northwest,23864.14
35,female,26.3,1,yes,southeast,37341.42
53,male,21.2,3,yes,southwest,49142.57
24,male,22.8,4,yes,northeast,38867.32
51,male,22.4,5,yes,northeast,46046.92
55,male,27.9,2,no,northeast,34492.56
28,male,19.6,3,yes,southeast,22226.66
39,male,29.6,5,no,southwest,39558.31
42,male,26.2,3,no,southeast,7566.58
33,male,29.1,0,yes,northeast,36380.33
19,female,36.8,3,yes,northeast,21489.68
38,male,26.0,5,no,southwest,49358.69
41,female,23.4,3,yes,northeast,28584.94
48,male,35.4,0,yes,southwest,28871.65
18,female,23.3,4,no,southwest,44744.32
19,female,22.0,4,no,northwest,34722.99
31,female,18.9,3,yes,northwest,38143.41
46,male,38.0,0,no,southwest,36263.87
44,male,34.0,2,no,southwest,45117.29
46,male,19.4,5,yes,southeast,43032.85
23,female,37.7,3,yes,northeast,31309.57
37,female,36.4,5,yes,southwest,29221.3
34,male,26.1,5,no,northeast,6756.93
45,female,37.5,1,no,southeast,30026.28
48,male,25.3,5,yes,southwest,23482.9
61,female,26.7,0,no,northeast,31992.65
39,female,24.6,1,yes,northwest,5392.46
65,male,23.8,5,yes,southeast,10462.55
51,female,32.8,5,no,southwest,21328.23
21,female,36.7,1,yes,northwest,18285.19
47,male,18.3,2,yes,northeast,27895.87
32,female,26.2,1,yes,northeast,21353.57
26,male,18.4,2,no,northeast,33359.72
46,female,35.3,5,no,northwest,34184.28
46,female,33.5,4,yes,northwest,22174.48
50,male,19.0,0,no,northwest,2406.84
58,male,32.3,4,no,northwest,33799.97
59,male,39.1,2,yes,northwest,23043.84
19,female,29.4,3,no,southeast,19351.22
47,female,27.7,1,yes,southeast,19797.89
25,male,29.8,0,no,northwest,28317.16
18,female,26.6,5,yes,southeast,10276.13
18,female,36.6,4,no,southwest,32594.85
41,male,28.8,5,no,southeast,29829.8
60,male,32.1,1,no,northwest,24328.75
39,female,38.8,0,yes,southeast,49591.28
35,female,33.6,0,no,northeast,42311.57
62,female,34.0,2,yes,northwest,34188.66
62,male,34.2,2,no,southwest,40201.5
32,female,37.5,1,yes,northwest,9014.3
39,male,38.8,0,no,northeast,17173.58
45,female,28.1,5,yes,northeast,29298.48
46,female,30.5,2,no,southwest,11457.72
28,female,39.2,4,yes,southeast,39237.34
36,male,19.7,5,yes,northwest,3965.69
33,female,36.9,0,no,northwest,35092.12
51,female,29.1,0,yes,southeast,49249.21
24,male,29.3,3,yes,southwest,20545.19
24,female,23.1,5,yes,southwest,23045.32
36,male,24.4,2,no,southeast,27663.88
49,female,37.7,2,yes,southwest,2499.73
45,male,30.0,5,no,southeast,4876.24
26,female,18.7,0,no,southeast,22969.87
51,male,37.9,5,yes,northwest,41198.29
56,male,19.2,4,no,northeast,40295.18
33,male,36.3,2,no,northwest,9616.18
18,male,22.2,3,no,northeast,19235.39
56,male,20.4,1,no,northwest,45238.84
65,female,20.3,1,yes,southeast,11404.0
59,female,30.7,5,no,northeast,9240.57
26,male,24.7,4,no,southeast,38903.93
22,female,18.4,0,no,southwest,36856.19
63,male,34.8,3,no,northwest,8317.78
24,male,25.1,2,yes,southwest,2631.49
20,female,22.0,4,yes,northeast,45438.34
32,male,35.8,3,no,southwest,40595.65
51,female,23.8,3,yes,southeast,25176.39
22,female,20.1,2,no,southeast,2692.98
21,female,24.5,2,no,southeast,39276.17
54,male,34.3,5,yes,northwest,5038.27
59,male,30.3,5,yes,southeast,30253.72
43,male,22.7,3,no,northeast,13377.91
34,male,34.0,2,no,northwest,2786.05
23,male,25.0,2,yes,southeast,10173.31
38,female,25.7,2,no,southwest,33701.85
32,female,24.3,1,yes,southwest,43433.69
37,male,23.3,4,yes,northwest,16136.65
19,female,19.4,5,yes,southwest,32856.38
41,female,29.7,5,no,southeast,29721.07
35,female,38.9,5,yes,southeast,39659.41
47,female,38.2,3,yes,southeast,6300.38
51,male,26.2,0,no,northeast,46874.5
24,male,25.0,2,no,northeast,11630.51
42,male,27.7,0,no,northwest,35662.39
50,male,37.6,0,yes,northwest,25003.69
44,male,25.2,2,no,northeast,9050.0
46,male,36.4,3,no,southeast,10518.76
21,male,30.9,0,no,northeast,7071.88
29,female,26.5,0,yes,southeast,25611.2
61,male,33.8,4,no,northwest,42142.6
61,male,18.1,1,no,southwest,41819.83
25,female,27.1,1,no,southwest,45963.37
43,female,30.8,3,yes,southwest,35181.84
62,male,18.3,2,no,northeast,32360.12
45,male,18.2,4,yes,southwest,38862.75
48,male,30.7,5,no,southwest,6752.2
29,male,35.7,3,yes,southwest,46848.33
24,male,20.0,1,yes,southwest,47771.41
45,male,26.8,0,yes,southwest,12481.71
45,male,27.1,2,yes,southeast,39364.29
60,male,22.1,3,yes,southeast,5974.56
18,male,20.4,4,yes,northeast,5652.02
63,male,28.3,1,no,northeast,40537.31
44,female,20.4,0,yes,northeast,16300.75
45,male,35.0,4,no,southeast,8230.22
56,male,24.6,2,no,northwest,3406.83
40,female,26.7,3,yes,southeast,24489.91
54,male,22.4,4,no,southwest,36516.76
61,female,25.3,3,no,southwest,12093.99
61,female,39.3,1,no,northeast,26631.97
45,female,33.1,1,no,northeast,35053.12
65,male,30.1,5,no,northeast,16846.83
36,female,35.4,0,yes,northeast,37013.49
56,male,23.4,3,yes,southeast,8362.55
57,female,19.8,2,yes,southeast,49211.37
38,male,20.5,4,yes,northeast,42113.06
30,male,26.2,5,no,northwest,26958.07
63,male,20.0,2,no,northeast,11843.59
61,female,24.5,3,yes,southwest,44859.33
31,male,23.5,5,yes,northeast,34866.68
29,male,32.0,5,no,southwest,31501.68
23,male,35.1,1,no,southeast,8129.91
38,male,28.6,0,no,southwest,3070.9
39,female,33.3,2,no,northwest,47559.99
31,female,34.7,2,yes,southwest,33845.78
50,male,33.8,0,no,northwest,3875.89
58,male,37.5,2,yes,southeast,48141.01
45,female,22.9,2,no,southwest,49157.94
54,male,37.9,2,no,southwest,9404.55
47,male,25.5,1,no,southwest,19665.77
33,female,27.4,2,no,northeast,3988.53
48,male,19.7,2,no,northwest,39775.97
32,male,37.8,5,no,southwest,27927.18
21,male,23.7,2,yes,southeast,23788.83
18,male,26.0,3,no,southeast,28410.76
21,male,29.9,0,yes,southeast,43566.04
60,female,36.9,5,no,northwest,25087.32
47,female,22.1,2,no,northwest,33552.08
31,male,18.7,2,yes,southeast,40425.4
54,female,33.9,0,no,northwest,15306.37
43,female,25.1,1,yes,northeast,10568.21
35,female,34.6,4,no,southeast,11012.79
26,female,39.1,1,yes,southeast,11212.32
30,male,20.3,3,no,southeast,40038.5
24,male,20.2,1,no,southeast,29698.67
54,female,25.7,3,no,northwest,8595.97
32,male,29.0,4,no,southwest,43220.56
49,female,19.3,1,no,southeast,15939.36
55,male,24.2,2,yes,southwest,19424.44
44,female,34.6,1,no,southeast,20128.77
59,female,20.0,2,yes,southwest,27538.23
37,male,35.6,0,yes,southeast,25450.94
27,female,18.9,5,yes,southeast,46764.97
61,female,36.1,3,yes,northwest,22061.02
58,male,31.0,5,yes,southwest,16484.66
29,male,35.3,1,yes,northwest,8445.68
38,female,31.4,0,yes,southeast,8756.48
32,male,31.2,3,no,northwest,14664.69
58,female,23.5,5,yes,southeast,47700.04
31,male,22.4,4,no,northeast,6346.07
30,male,38.2,3,no,northeast,5925.4
28,female,19.8,2,no,southwest,12245.84
45,male,21.9,2,yes,southwest,2078.64
59,female,35.7,2,yes,northeast,2491.42
48,male,27.8,2,no,southeast,20565.98
38,male,18.2,0,no,southeast,32345.4
41,female,31.6,5,no,southwest,44475.77
52,male,39.6,0,no,southwest,33801.87
56,female,28.2,3,yes,northwest,20210.92
27,male,21.5,3,no,southwest,4652.59
63,female,38.7,2,no,northeast,31372.22
26,male,20.1,2,no,northeast,40426.45
58,female,38.4,4,no,southeast,33631.69
